FIXTURE SINTETICA. NO ES EL ARCHIVO OFICIAL DEL SAT.,,,,,,
"Ningun RFC ni nombre de este archivo corresponde a un contribuyente real: todos empiezan con SYN y todos dicen SINTETICA o SINTETICO. El SAT no publica el listado del articulo 49 Bis en ningun formato descargable, ver README.md en esta carpeta.",,,,,,
"Layout transcrito del Anexo 1 del oficio 500-05-00-00-00-2026-24472, DOF 28 de agosto de 2026.",,,,,,
R.F.C.,"Nombre, denominacion o razon social del Contribuyente",Numero y fecha de oficio de resolucion,Fecha de notificacion,Fecha en que surtio efectos la notificacion,Fecha de fijacion en los estrados de la Autoridad Fiscal,Fecha en que surtio efectos la notificacion
SYN010101AA1,"COMERCIALIZADORA SINTETICA UNO, S.A. DE C.V.",SIM-500-05-00-00-00-2026-90001 del 17 de julio de 2026,06/08/2026,07/08/2026,,
SYN020202BB2,SERVICIOS SINTETICOS DOS S.A. DE C.V.,SIM-500-05-00-00-00-2026-90002 del 24 de julio de 2026,03 de agosto de 2026,04 de agosto de 2026,,
SYN030303CC3,CONSTRUCTORA SINTETICA TRES S. DE R.L. DE C.V.,SIM-500-05-00-00-00-2026-90003 del 31 de julio de 2026,,,10 de agosto de 2026,11 de agosto de 2026
XXXXXXXXXXXX,DATOS PROTEGIDOS POR ORDEN JUDICIAL (FILA SINTETICA),SIM-500-05-00-00-00-2026-90004 del 3 de agosto de 2026,12/08/2026,13/08/2026,,
SYN040404DD4,INTEGRADORA SINTETICA CUATRO A.C.,SIM-500-05-00-00-00-2026-90005 del 5 de agosto de 2026,,,,
SYN050505EE5,,SIM-500-05-00-00-00-2026-90006 del 7 de agosto de 2026,14/08/2026,17/08/2026,,
